# Giuseppe Lipari, Carmine Vitiello,,
# Team Name ,,,
# ML-CUP23 ,,,
# id, out_y, out_x, out_z
1.0,9.015855273464352,9.334407318763315,19.919994583531825
2.0,8.243913012437783,-37.41157278221645,34.578707883815255
3.0,9.275527657132486,5.505276403117247,20.566251363901337
4.0,-13.953490245793414,9.975790247497217,24.587095379647867
5.0,-49.52846810147122,7.466307361302849,29.866711819175393
6.0,9.750481759115065,9.185292964762304,13.099668566885873
7.0,9.87233389114669,8.533839625849879,13.248778030487596
8.0,8.639047364805938,9.600977520751716,6.5677869742312645
9.0,4.5703731235413585,9.573262524689024,6.168842490432782
10.0,-38.47893667640678,9.14976137082954,23.714199118942904
11.0,5.818409127632672,9.332793966440805,12.019528766573854
12.0,9.172700742495977,-46.67292915427081,14.370760821960438
13.0,-10.54973040222542,-64.46541403314247,16.55239083059956
14.0,-23.826579597264317,-51.09720593559359,8.512024582505449
15.0,-69.0940144498372,-4.851176793240631,4.44770833854501
16.0,9.75466077753561,-15.816729152720594,6.491085898543848
17.0,-5.622473533918936,-68.16608306242001,9.475990107933344
18.0,9.150221344200077,-29.89159716311706,33.55403358749806
19.0,9.845283765419435,6.904725523231485,13.682636384449363
20.0,8.662268547741094,-53.917087156145506,14.71387175260838
21.0,7.331295753877123,-59.63532197097247,2.476080076377304
22.0,8.6812616471941,-26.79072288341987,20.921969416393264
23.0,-47.8892839332676,8.379361383218564,23.63833767806421
24.0,-70.08464172800302,-1.9319802473473935,17.742264721957742
25.0,6.664448677989357,-63.123654967947054,2.7003226069675357
26.0,10.094854975159429,-6.637831649157385,7.645159357013402
27.0,7.856945374764464,-54.62591803921645,2.116198863317369
28.0,4.921068813899218,-66.70965302231228,28.20659468527288
29.0,9.994418403099408,-5.752138861332094,7.701249177605407
30.0,9.239942231129433,8.479615343408783,26.463570889214868
31.0,9.491560894590469,-4.8968454847147385,21.253959189338232
32.0,4.364263955414186,9.546828572477027,6.160196575809778
33.0,5.294323458713867,10.191145040834893,0.8591532968726759
34.0,-5.9128934295054165,-69.48990078238074,17.346656789184205
35.0,-64.42075768011232,-11.616869806219615,31.008554839533307
36.0,-11.00267094162113,-65.55354603112707,27.492910469153298
37.0,5.9118945191506675,-61.09064673895696,35.447539819119484
38.0,-55.60112090740006,-21.125427664364615,17.607735368285173
39.0,1.6973263774510263,-69.70614580376746,34.16789444182069
40.0,6.756633690876887,-60.545425065341206,9.42110628665574
41.0,-69.42598834787333,5.335901421666714,11.727639938347046
42.0,-0.032945531363362084,8.785496868472833,18.268591341090964
43.0,2.919637100077132,-68.24459293804995,10.646446858921417
44.0,7.105360047209508,9.877072960956376,19.32868022665496
45.0,6.956241422762785,-59.99333972489202,15.194195594209837
46.0,7.992109034032648,9.853265532223395,32.166368518790584
47.0,-1.2810646961577983,-69.43405886639881,11.808464162481215
48.0,1.994549202394349,8.916639364632713,11.877022777480306
49.0,5.933968924030695,10.206348463164172,0.7883909563956307
50.0,9.33417171811787,-51.2967731897673,28.19875684569055
51.0,-72.04737206234367,2.829575729812657,23.533168631787667
52.0,-38.9071265388688,-33.247363510353054,18.025793395340536
53.0,-54.17491230106549,-21.91471152183695,3.69834166390723
54.0,-67.85963662089482,5.728071377515615,17.3345008265904
55.0,-1.4993299579126194,8.828361033490275,18.391168412952794
56.0,4.456683121784526,9.558498211492878,6.163476477777719
57.0,9.6889769292624,-37.27141709761377,8.377654074095126
58.0,9.385224754043794,0.2593668879837985,1.3460529960112022
59.0,4.204425723289421,-66.6588276633811,10.051228804305879
60.0,-46.88724295538264,8.93323197459163,11.559254807471715
61.0,5.7022224232460115,-61.8253661139671,35.47701956415532
62.0,6.350761993715676,-64.21465713343474,2.7761858787446663
63.0,8.888707755618922,-36.50944702022746,21.635855913720977
64.0,9.698434953750937,7.268698274140703,0.9467271102415078
65.0,-39.2555663049231,-34.48004138283877,4.812410211921305
66.0,-29.02666251147526,-44.767590232969575,9.53236683522547
67.0,4.942871290691939,-64.89757208004714,15.63997690769876
68.0,-38.194268598240654,-40.25901952936705,23.738523890072305
69.0,9.553870062807954,2.679190758041491,1.1228393703801076
70.0,-38.23364384038107,9.162699170808407,23.742573354587606
71.0,-58.67182236499261,6.799784147646602,17.91050102009813
72.0,9.832571491818676,-12.312661023908015,20.263806893495392
73.0,8.448006957380665,-49.18308775109718,8.899466949619425
74.0,-3.421983661218021,9.574513987597086,25.332686720712246
75.0,7.821886511631252,9.692598744660055,6.456218258190058
76.0,-70.71614725850696,5.197893401371813,19.653080012601382
77.0,10.148287546993012,-5.6400582940080675,27.20909548811617
78.0,-23.925160108343725,-50.95393843874371,8.547624498233908
79.0,9.50620939903429,-7.245539681898539,14.64959411980678
80.0,7.6166855239159705,-21.190476057183098,2.016978737331159
81.0,-62.744268885845905,6.41731258808668,17.66171272597511
82.0,-61.71549590135296,-13.593507029591915,3.338691570734519
83.0,9.82642196399049,4.565126056150908,7.844616074046849
84.0,9.610966654068774,8.978420086678524,6.8546439938314
85.0,9.17155741066103,8.609196543616495,20.086916904914066
86.0,-68.18871693719231,4.086876268035494,28.723862888597395
87.0,-30.232379745962273,-41.603028917655216,17.49878555185716
88.0,7.102399593638041,10.236969156875645,0.735411696668824
89.0,9.93314893457697,-2.9485599685273414,27.39726112700589
90.0,-17.7505584823814,-58.89220722817113,4.190504349230396
91.0,-18.8780803403477,10.062366956403427,24.515503073575033
92.0,9.310732040860335,-45.744232845624246,20.29696115077799
93.0,-63.37885496463786,-10.974731063628251,3.464105388423735
94.0,-56.77557742874363,8.530789849370533,5.816178810089479
95.0,-37.88004106455709,9.182371264872572,17.09441313026072
96.0,-1.465049867052096,9.492528568006263,25.471043229597377
97.0,3.678381871635792,-67.50160123355425,20.706440845271324
98.0,9.817932893825827,-7.709106155899843,1.608046064107296
99.0,-67.42516302305737,5.839905476168948,17.40404370207438
100.0,1.9939441376512574,-71.00882156903043,27.611963942111803
101.0,8.70946119806522,9.778590911107852,32.15032925857869
102.0,8.280338812046063,-15.602935259970945,1.8056285389791091
103.0,9.452376902229457,3.5703161623308386,14.368211555029001
104.0,-7.506778423892053,-67.91141466121806,27.070435885319196
105.0,1.2836371169060448,-70.83849573674324,16.886282452308052
106.0,8.360486724998832,-30.417639522674925,2.107948730070952
107.0,9.692040929046286,7.234099409028944,0.9480583452686787
108.0,-53.03207758588104,-24.889498730075825,22.583280568319125
109.0,-70.36884271283648,-3.3418095595397763,4.668008183605448
110.0,-8.908623928953014,9.849458567191604,5.90802094211768
111.0,-64.89652642890064,4.926601149455788,28.791544908008042
112.0,9.890476814143854,-12.838307322792637,6.927652789791401
113.0,9.849948189016608,6.911023122946239,13.681404598012707
114.0,-70.7458113776176,0.45740494006013904,5.45490666792981
115.0,5.022809918756979,10.187269667846442,0.8933487597611937
116.0,-62.28658211593462,-12.89781714486867,3.3638191024824846
117.0,-0.4395559416370329,8.865599503069964,6.331308255419721
118.0,9.670420706551221,-0.20461410952100248,8.273546058251194
119.0,-26.237333145217043,-48.48177289112674,23.001462318815108
120.0,9.422796886263248,0.647004943147081,1.3188747587530059
121.0,-54.17122410770116,7.386819116596384,23.83391401322492
122.0,9.00956406356102,-42.83588581627096,14.780306233068673
123.0,-7.882535688749077,9.839982143892087,18.224491963526845
124.0,-67.47318782446544,5.381217433724246,24.117591775582824
125.0,1.6444215902135317,-70.42479415176169,16.79551423869939
126.0,5.401107854002374,-65.84293609603549,28.24000379939664
127.0,-10.144879762783551,9.981329644782011,18.162802836721024
128.0,9.532818351116008,2.7778431402395594,8.11743447218275
129.0,7.162105245822525,-60.76082351693838,2.549508187203396
130.0,9.643525241747886,3.5233906436761995,1.0823378516606232
131.0,9.498741883943467,-14.289485715341762,20.11711530570455
132.0,-68.25326768969204,-2.977422440967479,15.559377545805907
133.0,8.214439368462111,9.931904016170698,19.612113204602167
134.0,3.360200329802514,9.359393980363674,32.26283687472892
135.0,-25.67313859986077,-48.667643312789544,8.794431514128854
136.0,9.232500627989262,9.599012958127222,32.1870335607147
137.0,-46.04383202206205,8.644828218436757,23.62872076082849
138.0,-68.95373434067373,-4.9664805306026345,4.418736841559669
139.0,-58.552801029960634,8.45622984677618,5.840094283330697
140.0,-7.889637404522301,-65.86354287311859,34.73328532075085
141.0,-50.77133869156721,7.959625682892627,5.477799016188043
142.0,8.297927342970238,9.65824321977827,12.444145998484245
143.0,10.252692171002675,-9.278176028417024,7.514872706647141
144.0,-70.81319202562392,-2.990465340725444,22.61908900609422
145.0,7.939437827283826,-53.480716508131266,2.0479450425534247
146.0,-62.31020214405643,-12.899942171157985,3.36490607057512
147.0,9.563808260906743,9.084575855096997,6.82477587649092
148.0,-30.496445022364323,9.342542411403333,31.32981721717261
149.0,-56.11024195627016,7.920893660798733,10.447287182799322
150.0,-71.52682525026769,-2.0707099572270806,11.15414913243052
151.0,-67.71349815897993,-8.372345769805783,23.38808736830399
152.0,9.346510100143167,7.007569548890705,26.708274232433332
153.0,8.081384887923225,9.845575077992475,32.16310940194528
154.0,5.819561268709826,9.712016351856214,6.2540818431695
155.0,6.267862361010323,-59.80915638343919,35.43447590158904
156.0,9.240972354995023,-15.682093332309062,33.063957617549256
157.0,5.659666674368417,9.307822553301595,12.006106451179761
158.0,7.666274027893782,9.948545161030538,19.46885575210964
159.0,4.423808040462286,9.556865393758688,6.161461403098066
160.0,-61.44401013763683,-12.225159238584602,10.68638507278797
161.0,-6.5633529687355745,-68.37964923405501,26.991748934771536
162.0,-11.613750035737509,-63.44581774826793,16.453587739649482
163.0,9.892992676406655,6.8949758559988075,7.296641039244114
164.0,-18.750117742371536,10.049567720080066,31.610845347815836
165.0,-23.58425924136551,-50.547705479703666,29.26687808848396
166.0,7.085316147749205,-56.85601052073417,35.3973250845551
167.0,-66.77918326967676,8.324541308179954,11.690184020399695
168.0,-61.73397074326286,7.919288649921506,5.809247126525274
169.0,-67.24240195012868,4.7325110385544695,5.653895007491079
170.0,-43.61171976616315,-33.22921337564273,30.659804860755177
171.0,-39.48612971995395,9.020279268283172,30.54297092303583
172.0,-66.4534527729578,-6.369694430504684,10.898499869769749
173.0,-31.2139773536956,9.145006295830893,12.0853018811864
174.0,-40.411284555868704,-31.964394047252355,18.04391711545685
175.0,-18.072785444921763,-57.792131158097334,8.445380861459405
176.0,2.537652324474603,8.95554600964812,11.844020125480801
177.0,-57.147401307512624,-19.88690501490882,17.312145933096076
178.0,9.465134077839352,-4.4074176317912075,32.90484830293458
179.0,9.603774900077504,3.1876642577364986,8.0815391418021
180.0,-34.24706297036986,-39.1049333297781,9.877929455779697
181.0,8.476950260444683,-54.98086352382281,20.818678844577533
182.0,10.018562323825467,-25.290738618662076,7.219813245075456
183.0,-64.47214361877938,-11.515485433440709,30.999347840212113
184.0,-5.0878166277693495,9.081569619614037,11.78048070783887
185.0,-23.49092553164313,-52.96317170281287,23.07096392405624
186.0,6.558296544297751,-63.49678652835451,2.725971165039908
187.0,-47.011840045145384,-28.18199712935158,3.981188263845645
188.0,-10.380550317211691,-68.36687550037288,21.846384755090135
189.0,-15.128410367036153,-64.61904860469866,22.333742662798734
190.0,-62.557002629516106,-14.676197918167063,30.738624309590524
191.0,8.999305142502541,-41.77366875165423,14.858722357206242
192.0,9.196320431557602,-38.503395080076956,14.855971962607317
193.0,-27.786928754656888,-45.924638781519455,23.349979551037254
194.0,-70.656739428947,0.7054837402714972,28.73069075062893
195.0,8.855177928309864,-53.35642959742318,20.74964012337162
196.0,9.458943453968363,1.537114561786456,1.2255606184393724
197.0,9.839105337025098,4.755946949307523,7.804452340469883
198.0,-67.98262874791894,-3.430780716490982,14.961034189226837
199.0,9.385336750960034,9.590762350296806,12.881757638780526
200.0,-1.509624581615808,9.499123374095138,25.475211081221897
201.0,8.738551695377023,-47.72252301148848,8.617765133336091
202.0,8.400152786542042,9.825557573314688,32.15246940746671
203.0,-70.29166454888502,-3.4741144756422684,4.664887044634934
204.0,-9.670638779726627,9.839016551967228,5.948854682025482
205.0,8.765047888546647,-53.712889544203634,20.762211164317293
206.0,4.042855435798495,9.417645433282415,32.296120054704474
207.0,-56.41077047273831,-19.12171973386656,10.209506928955427
208.0,-36.440704147966116,9.051657277668527,12.209414675647142
209.0,-12.950063697091224,9.867360666746409,5.614974731386167
210.0,-67.77556752545435,-5.4350180902749745,10.8519879643434
211.0,9.893261735284646,-28.639640322727246,7.7834890498292495
212.0,0.5239843435800924,-69.56511251691364,11.27150758239375
213.0,9.68710434681005,7.385879400087664,0.9453913583418044
214.0,-7.8583707528787095,-66.30635511535576,9.9149658994244
215.0,9.46511184136518,9.528485868560416,12.924857998654138
216.0,4.139425308413089,-66.72827768710249,10.08539116744111
217.0,-29.462064011417073,-44.323968515524804,4.608496502019749
218.0,-36.96110868968601,9.172157387498373,17.059563763874852
219.0,9.330659447898105,7.487923652087939,26.65699939257341
220.0,10.236293839190045,-9.504495068749458,7.483346342278972
221.0,9.10414031559209,9.042454380218235,19.994957465582853
222.0,5.144323505558421,9.242954175006519,11.956010247280805
223.0,-70.67074040975169,-0.12166757958692784,28.687865900520073
224.0,-29.682647087568732,-42.16699662766922,17.441675364039618
225.0,-70.67115723812603,0.44447240919034847,28.708285224879884
226.0,-69.69587903246537,2.1734294611358043,19.68939557650614
227.0,-31.062536655124628,9.17332491009309,12.07914184391337
228.0,9.707845689754997,1.7878107218042116,32.91995161769678
229.0,9.367460414807788,9.20069176600303,0.9064946871969396
230.0,-51.2992293051527,7.89677836327874,23.66046464890714
231.0,0.3648413829605594,8.808049559999551,18.27250115278576
232.0,-23.29005676710124,9.516088345719613,11.95483960697742
233.0,8.093859543565259,9.658059762452941,6.490918478962406
234.0,-14.423482899174282,-62.69053432516771,27.735215660004943
235.0,-61.05595485594391,-16.624395108234967,30.890742068561234
236.0,-69.49496214875278,-4.499034471390454,4.535239458794388
237.0,-23.78156657823736,-52.61443325575671,23.018313786678082
238.0,-3.440141909427502,9.564821104947303,25.32703626244995
239.0,8.52348525606778,9.61470995738841,6.551423456327629
240.0,9.649519131218803,-1.3663292020387032,14.714481175464822
241.0,-72.06598764937146,-1.2705865220600723,11.50821540670187
242.0,1.0895803371000035,8.883705321640141,11.947932195793562
243.0,-41.537173033690735,-32.02837753058804,10.12128823135564
244.0,9.79590077667589,7.90795340480604,7.0562972607000924
245.0,-65.88816084535594,6.015505446481199,5.712904080332806
246.0,-25.81148437999622,-48.49699580321423,8.80856169529893
247.0,8.902604140906323,-36.386131398416616,21.64192438306973
248.0,-72.37378654731658,1.3555597830476853,22.997626121262584
249.0,-55.2614063111182,7.208298568899341,23.913799187579542
250.0,9.994841104987792,-21.883826220570633,26.625986314734906
251.0,-5.365055979016581,9.307849540866643,18.37925028564403
252.0,-15.02332501547207,9.870759036819065,5.623700535263014
253.0,9.797544556418682,-10.948307795479174,14.081743391273243
254.0,8.909393062153878,-36.30223217459081,21.64503164407581
255.0,8.458286454210736,-54.785838212398644,14.776122719134072
256.0,2.814624325425777,-68.71676396939795,16.373133260591615
257.0,-25.68050311286969,-48.779216287365855,16.487335786629476
258.0,-0.16730049298690314,9.302381687474893,25.379362034178417
259.0,10.09485837897619,-11.109000457200702,26.989476980562102
260.0,8.772997625127351,-39.18462351107856,21.333005466303053
261.0,-9.377773968021154,9.60699692062267,31.40675119642289
262.0,2.2162084366778076,-68.90361300767638,10.856134358848013
263.0,9.874125715803624,-0.84398342357157,27.387938172557348
264.0,5.591950585534885,9.31581128893798,12.001601000168156
265.0,9.276585987839624,8.309205072191348,26.509698348891046
266.0,9.902099046690036,-8.76664293925125,27.101172407013653
267.0,-38.54734060171771,-35.185271842885065,4.810216295496151
268.0,-11.93329397334689,9.865035948867916,5.738879073071497
269.0,-46.21684495624726,-31.801247636260555,22.535365597037476
270.0,6.368905173602307,9.737934418635435,19.142649771035426
271.0,7.528239006889777,-57.38368627021837,9.579231542333442
272.0,10.308687175581014,-11.94406518553224,27.00778343656094
273.0,-51.80421501271205,-25.82029446604917,22.521197103228626
274.0,-65.14040597088825,-10.415698593063452,30.863531968336815
275.0,1.525907387052563,8.868726559841214,18.333534597949054
276.0,-34.41106126501776,9.152819816178303,17.212807739568973
277.0,9.903333785132162,-21.505768712424583,6.7414517542794075
278.0,0.7984603814279327,-71.8738414964559,27.346240111393296
279.0,5.413361083600151,-62.84489986261025,35.508069961084075
280.0,8.278697047586485,-51.66038212464664,9.326614426702726
281.0,9.886634798918612,-13.14124455593576,6.903599177796241
282.0,-21.59875078622177,9.715052093488,11.987261275923583
283.0,-38.1892904284266,-37.4336612276884,30.479161946003284
284.0,-70.42726144929648,-1.3477989463273539,28.85372670441599
285.0,5.858597818442887,10.203520836856166,0.7957235849079031
286.0,-72.35212428121392,1.89727495538542,23.212942909671327
287.0,-38.37499682807469,-37.19820905369735,30.60680684146669
288.0,-51.289114213602915,7.891762530066413,23.66077298155788
289.0,9.778530781202424,0.465978050008044,32.87245630808356
290.0,8.950273631649855,-12.76557960489411,1.782758633628664
291.0,-12.056052821549208,-70.43935221414512,20.547913990554406
292.0,9.102421247172742,9.08437805960596,19.985581540600357
293.0,-70.64658220532343,-0.3821294832692706,28.698737360805083
294.0,9.202720155776083,-49.88289158625083,14.373507936751349
295.0,9.695864576232033,9.299646531093497,13.0599108695841
296.0,4.283754023840294,9.27875461934001,18.67829558299298
297.0,8.694349341231863,-21.87999400112579,20.45959307339654
298.0,-64.9446825559326,-10.720648608276926,30.905001234822276
299.0,9.457620674052013,-26.339108139984553,33.20136972465082
300.0,8.129587756847936,9.842486184477242,32.16115016693739
301.0,6.130692795331153,9.29263230803911,25.449926004640663
302.0,7.430106429177304,-58.82042774061558,2.4179365420402608
303.0,9.874225379611266,8.1524468255445,32.58766681544236
304.0,-3.1015661418086315,9.037312364861425,6.111179256155957
305.0,-21.804478855244803,-54.15045629891726,7.940059464128021
306.0,-11.96895936447973,9.975622168028641,12.094618595143066
307.0,9.260727328703119,-30.564232292794564,14.42231243483463
308.0,10.137280950529421,-4.955793772594799,27.314685663754055
309.0,-71.75097722726929,-1.773955854889615,11.289157155434504
310.0,-26.574276603072136,-47.85110799701765,23.08457119204762
311.0,-25.39173041570718,-49.42351152419769,16.119141382425084
312.0,3.984956311473028,8.991844423606704,25.228959925109663
313.0,9.167811443819463,8.752247149279508,26.382117013236318
314.0,8.83155749108732,-34.10542587611104,21.609778764935623
315.0,2.6535534616091803,-68.97962361852092,16.443541164684667
316.0,8.571323853581571,9.95898250064429,0.7929624149241633
317.0,5.978593918700521,-62.587108635364906,15.409796942923322
318.0,-15.91692773290592,-60.202504806751826,15.535772532367005
319.0,9.562252955538,-0.5034052894151197,20.957944963193356
320.0,-61.779168370732066,-11.098555832324074,10.812458706670315
321.0,8.764210116184632,9.315915584392851,26.14931795358286
322.0,9.94155481825456,4.520149157195623,33.11293805341338
323.0,0.505031382566837,-71.94560086142182,27.312424220287262
324.0,-70.57923105513102,1.111498610549576,28.777190089092077
325.0,-10.715897251792146,10.106942118648595,24.812303625228875
326.0,9.286361707882735,9.348555018065408,0.8906345113122905
327.0,9.736720794924663,5.850494955508736,0.9891297472770237
328.0,-10.947343093769879,-64.08941790466051,16.518806283064727
329.0,-43.553420397751665,-29.416795288242138,18.044821550352196
330.0,-9.13978386173996,-70.81180592452608,13.866568754914919
331.0,-55.198266362005405,7.374612849833611,17.73659330901187
332.0,9.021795646520355,-12.3780045745571,1.7776856374742338
333.0,-28.740230517521837,9.537059931591243,31.356345753218307
334.0,7.785816204294339,-55.53315087545451,2.1763472244990063
335.0,8.644199086434941,-25.96101909439471,20.797540606133243
336.0,9.513018144963027,-21.86857089613574,33.352778787118666
337.0,0.7295321706568123,-69.86725323626537,34.182284544572155
338.0,9.284449508137431,9.385932000588436,6.713544245630236
339.0,-4.041335709122414,9.604243216043221,25.206543259876444
340.0,-14.837271728288432,9.937567827861248,24.53204511327425
341.0,9.344576525618573,6.625878920375397,26.752314171440286
342.0,-38.76825146200185,-36.72832020975791,30.771773803145475
343.0,-51.910843542770664,8.126659112016782,5.568711291055375
344.0,-55.25343346906296,-20.802307669106717,3.5808090004712407
345.0,9.22405207348043,7.192420622442514,20.356826285952298
346.0,9.922775956917008,-9.87904762355805,27.019767440155604
347.0,2.4352550651221208,9.190197895846005,6.249040795236984
348.0,1.1412837600169714,9.155208952185767,25.353079787503823
349.0,9.80749430451276,-14.543843846588937,6.677470905213924
350.0,8.150135626504301,-50.603027397855456,35.89744339344978
351.0,-70.67401145615861,3.1406074879900094,11.638074514733688
352.0,8.557831387840297,-33.278186846326435,1.7542748206309478
353.0,-66.7681843915118,-8.08427987359128,30.617587832640627
354.0,-56.823739779292566,8.270854480352853,9.513113272229909
355.0,-71.793563311198,1.2885138131866172,11.650346984351998
356.0,-44.419215958362315,-32.29430110252707,30.654194670303482
357.0,-20.96850236296861,9.819906920716278,12.03000596692109
358.0,9.316167643324057,-0.25281398600245675,1.36581485631644
359.0,-29.06569302638098,9.68084592815174,5.729239153281197
360.0,9.322160375144522,7.8427056992841955,26.608744301712154
361.0,-32.015984415961384,-41.17952547847808,10.138737030426016
362.0,-14.953253385970903,10.013506325593433,12.097833832024893
363.0,-31.07464994880892,-43.58640502416134,29.233672552633898
364.0,-39.03504349033311,9.062390001753673,30.537842880397783
365.0,-55.26149335648279,-22.621134392686873,30.842085088567714
366.0,-45.86144786475911,-28.58246806583822,10.268854375237805
367.0,8.971578424854739,-31.094535823174862,33.86234041499343
368.0,8.250942393582708,-55.91075988110269,20.86088460273625
369.0,9.785916215750412,8.054898259055964,7.034116822174259
370.0,9.160313885383859,9.632402448228886,32.17461064045758
371.0,-59.33659392733108,5.450590986553813,28.66491951355898
372.0,-7.311960975614277,-68.99586877255147,16.81495654459405
373.0,6.731081284259014,9.814337254756598,19.233798436223353
374.0,5.8088060306540426,9.714424540950786,6.253459620495411
375.0,9.54502103738973,0.0668607714093446,20.908789438638543
376.0,-38.62848472031344,-36.87565900622745,30.73424646964004
377.0,-30.235922556798172,-44.36216031700362,29.33041159413454
378.0,9.657884671078836,-3.1570594840095216,21.288179564640988
379.0,-57.23026055264149,-19.798729410220115,17.29997436359727
380.0,-11.390870954818885,9.967156561675228,12.083786020822428
381.0,-5.3532070409683294,-68.9065362496465,9.038171437157
382.0,-14.551880757652295,9.688080613161997,31.53882389493442
383.0,9.326901736325668,9.281281155495472,0.8976145537211195
384.0,9.111505683261893,9.03227450553225,19.995927663010843
385.0,8.366007367768963,-15.300496261721996,1.7995055736715164
386.0,-53.80813567738883,-22.211803615658553,3.7479011780514777
387.0,9.948344271383675,-11.546202526535994,20.371725278073985
388.0,8.619891507451772,-32.651207106768766,34.09650640591021
389.0,6.592362657328252,9.781454340607038,19.19984782033599
390.0,8.771565931558431,-36.771352376416374,28.14326837837303
391.0,8.47141994593463,9.6311385417697,6.5401422754388365
392.0,9.548940777463313,9.380938682975437,32.24878845161143
393.0,-12.718745119631276,-64.2107410266229,27.58808035073518
394.0,8.284111807328467,-51.29653013976616,9.27973316752877
395.0,8.730931554552043,9.33059933484697,26.132819821363295
396.0,7.629028549490985,9.507493106954104,25.811927964763097
397.0,-7.647625293636956,9.778703058147599,18.231891656359142
398.0,-49.66956603042501,8.403054422780496,17.446328660374817
399.0,8.00025609643127,-52.89372892399956,2.0156031711055933
400.0,-29.990173709576077,9.420721423705652,23.68458579067386
401.0,4.630155944689546,9.483407435357773,32.31784198604034
402.0,4.051255434620864,-66.76082304249745,20.67348916024271
403.0,9.493079078712329,-5.413638174629394,21.21854245173958
404.0,9.36538614305826,-43.294310364017115,8.392190332938629
405.0,9.598027575259804,8.4512228647239,0.9408285073609028
406.0,-47.56995436441138,8.427224977715808,23.6443489523946
407.0,-6.852184394403281,-66.99110840719264,34.501336083887935
408.0,9.934507217610156,4.451569258012613,33.113631603657055
409.0,9.452673003541438,-10.884459870140088,33.03717650624588
410.0,9.430511472342001,4.448124629623216,27.092746910320287
411.0,6.933688563775369,9.710382008271642,6.357623685470548
412.0,-43.605923371112006,-35.9206567529445,22.098925207235702
413.0,7.5363743409965505,9.507384566302616,25.788016806134326
414.0,8.999578370180547,-55.96433355997591,28.576803094249456
415.0,9.91299503627732,5.608789862480942,7.611134807147158
416.0,0.9934029288024533,-69.51551505015615,11.142079288637687
417.0,-8.953586044838971,-69.33011540539019,14.418897544677778
418.0,8.644824389302146,-14.14869023405129,1.7878865431293876
419.0,9.28203052164336,-0.42879200698288583,1.3689718732919547
420.0,-69.80112581946493,4.683542854363006,11.700723429365915
421.0,-69.98784058048764,-2.4871786039193884,29.17281040648731
422.0,-27.2757280959137,-46.74208199383555,9.043016605134827
423.0,-5.700603081180485,9.582177026643999,31.35732823882139
424.0,9.902398878692026,6.723099765883902,7.34147206946379
425.0,8.355847706288568,-15.327156742020778,1.800178223223897
426.0,-71.87814146957301,-0.8060420898680228,22.50444205732566
427.0,6.257681651434439,9.718094230013122,19.114995777937814
428.0,8.357036465250907,-49.72185281063955,8.997969519796454
429.0,5.708971284540613,-65.82171044561056,2.904084672894827
430.0,9.258669812202672,9.652787073331307,12.817897603543912
431.0,-64.17756283008524,-12.030003502631704,31.045110521589322
432.0,-70.83936389076393,-2.673375258851183,10.922371696025852
433.0,-60.07386819966872,-14.435973733655523,10.6412339840511
434.0,-25.028491018414297,-47.92617732469874,4.19789126302734
435.0,-9.987803130683394,-64.99918397983689,16.604239296864808
436.0,-5.447370670270418,9.139267089217237,11.78067209658744
437.0,5.181322769100876,9.655654815838846,6.204294278959052
438.0,5.193278446053758,10.182189493745744,0.8706371412948402
439.0,9.696002197981954,7.427783250437451,0.9446951641044807
440.0,-30.09698001786317,9.496402858639069,17.504642772567543
441.0,9.26933399365381,-23.35349632263417,13.76198244659219
442.0,-56.64782903319824,6.007491851250501,28.708154796322482
443.0,8.948911555138455,-42.728595866868275,20.77289678303776
444.0,9.432247977446941,-34.14363343972853,14.784780174989235
445.0,4.666688857041725,9.488730438791801,32.31867783193076
446.0,7.961144706942372,-53.33148385339509,2.038781032187163
447.0,1.2204964090253163,-71.6618909005113,27.416171376917685
448.0,-53.290811530268044,-24.706089061540865,22.59640150901316
449.0,9.50538335154301,3.011696023335867,27.325586999967424
450.0,9.344543892127717,-13.296834621709817,32.9315882703528
451.0,10.167361411557842,-7.167249103963871,7.622805342970202
452.0,-10.918940838938205,-65.62672842905535,27.489091778801757
453.0,-57.73095404278632,-21.83998715756495,22.35502171355678
454.0,-60.29795407879302,-14.917705314385675,3.356345726043488
455.0,-43.68108005294406,9.462766185575335,11.969900319144147
456.0,9.009388894799736,9.359961160895313,19.913408372149846
457.0,-49.95027008417166,8.207205622991637,10.895814401146485
458.0,-0.005343611456755118,9.293614301023695,25.373327733410232
459.0,-20.247698352894872,-57.63978935529613,22.547873060828742
460.0,-24.104121794393713,9.838418477053303,17.878590280835507
461.0,-36.9320834043175,9.263291701097524,23.906233113659297
462.0,-53.6834373749565,-21.786938406034416,10.172609077238313
463.0,-39.38422507597403,-40.29571428556883,23.543582556622418
464.0,-6.700377902652816,9.45272300030748,11.900974812652002
465.0,10.240845720763033,-11.683529826276322,27.000970478203072
466.0,-70.32167237192199,-3.8447247697671267,22.690207612037703
467.0,1.331455935547722,-69.42766597945388,11.05890632270138
468.0,-35.672681374209354,8.914461202254023,4.37089129991306
469.0,9.481028153824575,3.2837095659457547,27.300361133410107
470.0,9.105658132437522,9.040559388042526,19.993187448972208
471.0,-43.95629823644312,-32.933385444662946,30.64584024487329
472.0,-13.619671650576578,-59.14909905900189,35.75297704611945
473.0,8.94231536715422,9.521599020194245,6.627660378488292
474.0,-60.824608207542056,9.962335503649689,11.669617854232024
475.0,-12.966494230151943,-64.0034130338384,27.608326126835788
476.0,9.846858145400802,7.381132804120414,7.179267980954579
477.0,9.237815151163687,-16.458126272873347,13.350964433661218
478.0,9.312912898388308,-3.877863876071585,1.5660184291529258
479.0,1.7970452582003194,-70.22134145070645,16.752546999940947
480.0,-66.84156565320602,5.547462749602329,24.15013561993137
481.0,-71.74161111899346,-1.766266306741233,11.291452169320255
482.0,9.857407128324967,7.003339644968457,13.655690104842837
483.0,1.7877373125569966,9.991873579023085,1.2997606737477205
484.0,-70.02359752012921,-2.3892589036579057,29.141956064932202
485.0,9.257918594263575,-31.741551752238117,27.905424596013376
486.0,-15.223037137872584,10.021576632338897,12.109365815724203
487.0,-9.127781379217119,9.630706871772869,31.39205915763105
488.0,9.62831141395325,-1.4724904472843336,21.10565789716576
489.0,-64.77364447608012,-7.311587944683357,10.91942801818127
490.0,-70.94483465132086,2.7029636097555945,11.63886390951022
491.0,7.660677764725846,-56.75202460037847,2.2648917100063404
492.0,-68.8929695888111,-2.6497347825002815,16.80528013274863
493.0,-24.888824736523794,-48.915148241947634,29.395597741168363
494.0,0.21936128630987287,8.915275516876228,6.324363986458167
495.0,7.625045417923864,9.544108724912174,12.257057676500283
496.0,4.543291967749806,9.480532088203383,32.3152811413267
497.0,6.837894137921934,10.231346467282343,0.7383019776862264
498.0,6.28816887169269,-64.40009984651441,2.7899316452069103
499.0,9.494842307712277,-41.52846538886098,8.372378285282249
500.0,0.7833092203560711,9.200623162653246,25.360014323025197
501.0,9.696224087686344,8.698492283687903,6.91950352974049
502.0,8.194107519340703,9.848380676214632,32.15744602150071
503.0,-57.901995798370905,6.81542556194543,24.097161417935283
504.0,5.441978703577986,10.193617164976441,0.8414585295008156
505.0,7.87690290292538,-18.0612142537244,1.8858074577205157
506.0,9.86333418854222,-2.054057570612919,8.187308072762887
507.0,9.454657362680111,1.7631423641429016,20.870870581068584
508.0,1.563115049687269,-69.73923876277307,34.16761620697352
509.0,-1.2880974615263383,10.271827846003337,1.5478716457687443
510.0,-65.23877070841402,-7.050238019330036,10.91269165031381
511.0,0.3628840188890439,-71.57392022281726,17.112147378072283
512.0,9.877669917929998,8.306607709363611,32.550342797673295
513.0,9.149458727242543,8.719009335924872,20.063097289150956
514.0,9.905162590454104,-9.630206272274954,27.034030514248776
515.0,-1.7158048188060935,-71.42591130332973,27.238512389856115
516.0,-39.06818868383069,-33.09724685451261,18.01916831271034
517.0,9.766372520906659,6.253564016499449,13.856509348590778
518.0,3.9417428814969986,9.408386256100766,32.2915148403454
519.0,7.435609627466793,10.22679089885696,0.7358630984249555
520.0,-65.59326465546461,-9.739610168587108,30.77692078155467
521.0,9.171390439034205,-42.56539404747695,2.7015892229678338
522.0,8.10171111983046,-49.50164196254239,36.049467722067554
523.0,9.51638451120791,0.41600845609417947,14.592440940907439
524.0,0.5684360180280942,-70.14469342139934,3.4911318298375797
525.0,-11.803608057712227,-67.46799946494399,22.408001230210008
526.0,8.680523936598476,-45.20032527734578,2.347823833934857
527.0,5.377643096863257,-62.955800070615,35.5089972283683
528.0,-28.59574906046283,-45.73214385109693,29.420899236168378
529.0,-3.151056611224093,-71.1542009929924,17.765497183439013
530.0,-69.59460817845425,-5.012285110040496,22.776899125523013
531.0,9.896744446316228,7.592099514762568,13.476011925575284
532.0,-9.188057664501663,-64.92512348265532,4.121309341370289
533.0,-9.464494992151517,9.850228595427064,5.94026943592686
534.0,6.028557297231208,-62.48975474123516,15.399591964942086
535.0,9.573471849605353,9.469287821695655,12.983577467237694
536.0,-30.620080457795886,-42.78162740253424,10.04599864294095
537.0,9.751662302557715,5.550304319468266,1.0043597248866392
538.0,-0.4837655497123191,8.868703942689752,6.330169794611322
539.0,10.617323203317614,-13.278638891685556,27.031358948173967
540.0,-21.33596510013081,9.763358081564112,12.00418528175186
541.0,7.23842485935867,-60.26249650868169,2.5184542066995195
542.0,9.272706234587927,5.6023960755154185,20.557917007398377
543.0,9.251174931998218,-26.886640437306802,14.06973409700979
544.0,-10.093875083474877,-63.02963164638495,35.243145527237296
545.0,9.212001594230086,7.440612672243714,20.310268935474376
546.0,-9.533699679614081,9.875148803071195,12.050871174711848
547.0,4.81152411856474,-65.16139295746783,15.672869567172246
548.0,8.74780294632716,9.874440584700398,0.8093422694011061
549.0,-71.63717594928438,-1.930815244246242,11.216959748007017
550.0,-33.062931142932094,9.309635612939132,23.784827597022716
551.0,8.960716007660155,-43.725525771912814,2.584388234089856
552.0,-2.64572865096464,9.543552146770105,25.476665801414516
553.0,6.629287841513325,-63.238926492310114,2.7083976515203534
554.0,-19.633927462163783,10.050469797248255,17.971688641290527
555.0,-71.15315715016516,-2.3906978952323747,11.008809188099594
556.0,-70.595171845991,-0.744829310452495,28.73938071084892
557.0,-69.97537652379236,2.558674051393018,28.926482600931422
558.0,9.267092343426746,-23.18597168843726,13.742167680607317
559.0,-55.68034021029486,8.499577317666477,5.782475290223097
560.0,8.442289535864264,9.825409495891387,32.15027192222769
561.0,-10.92564935215262,-64.57589540296257,9.669698336979732
562.0,6.99017003922412,9.47024730898951,12.140530188812688
563.0,9.051581075048531,-17.34479557624159,20.206935933499643
564.0,9.905633388279481,-1.4909770517352656,27.4145477333888
565.0,-11.849551382149688,-67.89252099903698,22.201314581418018
566.0,1.025199177676885,-70.11223490931108,3.468574618791207
567.0,-53.01838481138065,6.762314573919395,29.129096161597783
568.0,-60.85445912741536,8.12020747073531,5.819192132492764
569.0,8.96871628395647,-42.805094610948224,20.757791736090486
570.0,-24.773730772004022,9.8541117945316,17.86779591684568
571.0,3.176698503507892,8.979037382907885,25.262735566709843
572.0,-34.77910291115161,9.321537917187916,5.01720271158852
573.0,-32.70316187736234,-40.74506699570639,4.66743582426749
574.0,8.275299295587386,-34.71086487358922,34.141500384163976
575.0,9.082790427479207,9.486931781107216,6.658900097409357
576.0,9.376307020566808,-5.460650259201139,33.008236422541316
577.0,9.775991064376708,-8.239120974398315,1.5911822317714943
578.0,-4.045830249697282,-68.58504620141805,3.598107312240174
579.0,-25.82248781189516,10.092461901461643,31.600387199008168
580.0,9.986080552531831,5.222724700081071,33.073067843861615
581.0,1.8033033334669721,-70.211626417606,16.750254574854768
582.0,-35.578203067601244,8.98969695583188,4.473826703156787
583.0,-62.87980952661506,-12.905938242818891,16.825323861298287
584.0,-67.00023568294874,5.509514319723747,24.14498224310044
585.0,-60.546031452004414,-17.265368699846555,30.95272754632956
586.0,9.62856888193193,-3.5202586812580425,21.30774361629491
587.0,-17.39033273730467,-62.27244352713614,22.15034831057327
588.0,9.829744179198096,8.841764693848935,13.178603685976688
589.0,2.2610422412128246,10.024612523920434,1.2403070174950068
590.0,7.79139307875595,-55.41601522494291,2.168736782183363
591.0,7.334629091751029,9.484736484526996,25.738258480972956
592.0,0.1223965325190316,10.092441265536673,1.4905733078434624
593.0,-66.09710695513081,-7.498658643794045,3.869193827681638
594.0,-44.20956812019453,-32.63047115576178,30.650232334665205
595.0,-32.548815663371116,9.453765027138916,5.564526795334755
596.0,-41.29807579118671,9.046444999027187,23.60485169577344
597.0,-37.15166289175194,9.172356529593221,17.059549673440877
598.0,9.27253505407932,-3.5913923542182165,1.5370771278532005
599.0,-4.590923162616554,9.50066780805724,31.416009735961666
600.0,9.902203547977019,-12.573837627236204,6.949232248871043
601.0,9.356178931594656,-5.830874850301595,33.043435191107136
602.0,8.85765191990873,9.246322349326901,26.189508072659805
603.0,-1.2495169776835646,8.91962142487273,11.91112777530188
604.0,-67.30569283359488,4.428994882728615,28.687138587714145
605.0,6.783927412210234,9.41065178703834,25.60377313313374
606.0,-20.368004770011353,-57.438277614468596,22.579506271159353
607.0,8.786365655351986,-36.31777000834025,28.1680534536788
608.0,-62.21586601992479,-15.167536627675695,30.708742336294627
609.0,-6.090709254209718,9.393155717229883,5.748773453172112
610.0,-57.19819237347084,-18.53367793857004,3.4321661492405955
611.0,2.175442912213868,9.154837903539514,6.263873969850319
612.0,6.100583148119769,-62.69303057210543,9.292354691389127
613.0,5.424456471217964,-63.86182649282768,15.528207474713987
614.0,-28.637317356822194,-44.83732008672476,23.59369461433703
615.0,-0.8785729978307032,-71.90949962112543,21.56895717687394
616.0,-60.56795583476544,-14.637914241192165,3.3530057346827373
617.0,-71.90408405439216,-0.7105352612631619,22.511455517244233
618.0,9.289052515191273,-14.393665141052809,32.936021169722274
619.0,-11.055048319708185,-63.78303440644518,4.354560510515152
620.0,-44.51014354095662,-32.12999815786984,30.651138975420018
621.0,-53.83463023377524,-24.277235361457628,30.690627356618453
622.0,-22.778542510708494,-50.79581320634315,3.8865875436227126
623.0,-27.369297399873936,9.394296629378278,12.0408536410184
624.0,-28.737183173454973,-43.135234330645325,17.40979248634599
625.0,9.510769562046235,-6.678146490600512,14.768950594958794
626.0,9.26860136949163,9.402798342344633,6.708203280792719
627.0,9.783446395031984,-12.606429418382698,20.225636043486055
628.0,-43.75151736667578,6.775605831369152,4.566258475715407
629.0,8.848307371809017,9.800637749443446,0.8207323674139645
630.0,5.5586386951966915,-62.37542046460986,35.496813078205285
631.0,-59.9143811975038,-18.40126155341729,23.354840712448052
632.0,0.6193171341847592,10.049158397225181,1.4427740947338892
633.0,-34.21198732408229,9.32336447282967,23.90384910993792
634.0,-5.7503404891397025,9.588093433005177,31.355985598057476
635.0,-55.02935739055831,-21.05269251859411,3.6024724059222786
636.0,9.514311606687102,-6.606139359225193,14.78293622401677
637.0,9.882886385754237,8.350048124616777,13.283584945445886
638.0,-53.71736508839665,-24.43280491135821,22.608979774584533
639.0,1.7028067100831978,9.10166851096626,25.335662372956055
640.0,-34.72818638474417,9.150192225837952,17.18916574142137
641.0,-2.484153560669125,8.913629852555749,11.872161923116286
642.0,9.220650450117882,7.395108391766225,20.31939460151178
643.0,-17.059499500338028,-59.71575990639886,4.261190368765515
644.0,5.675924668996818,-65.30853200170837,28.255853599172376
645.0,-60.78756555308084,6.314949055964729,24.156449961693973
646.0,9.1309902260271,-33.99005600036944,28.301921239960485
647.0,9.718340227036832,6.034059849852582,13.906067256450829
648.0,3.2408199389794827,-68.51871424393322,34.45988195809429
649.0,7.533928169547858,9.945020578418163,19.43504548496684
650.0,-68.33065224781794,-2.900431016566034,15.751739669869295
651.0,-1.9776598318186185,9.531778540705503,25.49937281293289
652.0,-36.2360979391999,8.29507662660818,3.273711690109855
653.0,-63.98704534125194,-10.750441102563853,16.624562659080507
654.0,6.870636573155262,-60.16965047063901,9.451324923530867
655.0,-32.017117765122066,-42.79257127635282,29.072121797750242
656.0,-19.119702452838126,10.0816223644707,12.173542230444367
657.0,9.007077954865952,9.366961126257776,19.915088866122197
658.0,9.625957117697922,-38.97679243510038,0.26050976373478574
659.0,7.334438597848843,9.715900167182248,6.403116028767324
660.0,2.819457986314315,-68.9036423409593,20.915058348316382
661.0,9.316804071428002,-3.875190035241259,1.56579987365496
662.0,8.283716974472524,-51.295513195032825,9.279505261100129
663.0,9.824324450495977,-18.58338124749979,6.494013538010418
664.0,7.560540546676052,9.513570487789053,25.794946238614536
665.0,9.850657794511138,7.3017859046412825,7.197417363443503
666.0,2.5645449509418317,-69.53190204777773,3.3383591814779265
667.0,9.479267507904204,-5.217249838127771,21.230492241329593
668.0,-16.690742086551612,9.851527077524446,31.516529041800943
669.0,1.2709638331284843,-70.07149517354667,3.455118916411136
670.0,-72.02286816490992,2.8780302835525204,23.547113091967624
671.0,-70.5630741382098,1.1789809942723855,28.785688361964503
672.0,-29.4708960456087,9.624259806471548,17.578568154999743
673.0,-47.52742917207072,8.738651113738262,17.30793607386889
674.0,9.98921900780029,5.46701105829963,33.04974960962111
675.0,10.82707038669744,-15.248132910871556,26.951093259772975
676.0,-72.18055535553748,-1.0322098905227917,11.569455032802914
677.0,9.528194297504056,-18.745553049459634,33.4221002530707
678.0,8.250161955760595,-37.471990205059484,34.585919592524874
679.0,9.865633244172082,-19.509983900281295,6.570965174320501
680.0,7.499321627411685,9.710110244299532,6.420924523035974
681.0,9.846345299901062,7.258406704231012,7.209131286588891
682.0,-6.336082116456072,9.359419490133702,11.862193335196183
683.0,-61.33005149184335,8.015103379129354,5.814318518160046
684.0,4.365207997978534,-66.65780036603125,34.9162905991326
685.0,8.943192169928695,-52.590585251604004,14.59959267249161
686.0,9.813076413053164,-0.20300286845488524,27.352066452304708
687.0,9.690691475616402,8.753301256581665,6.909566141970312
688.0,-0.7209272535475917,-69.79116264541128,34.19707343598986
689.0,-52.92316776772182,7.678771065623319,10.123494730009728
690.0,-61.12666781091966,-12.937657588995346,10.618569527656106
691.0,8.812497262014322,-37.87075017744226,21.528560669610414
692.0,9.792562791277234,7.986810893667117,7.0450823872728074
693.0,9.836696353080416,-4.323672641190856,7.8311954117291
694.0,9.794373833138444,-1.10519415698879,8.267721281713996
695.0,-15.586199955485789,-61.22240961106956,4.407338010482746
696.0,-4.550802934026137,9.16611609138375,18.484094854828566
697.0,-63.52734837296827,-10.714277036657869,3.4661040925773325
698.0,-21.56856298160953,10.062639390395407,5.669334567511555
699.0,-58.54646391548725,-16.40856732497205,10.682573289501889
700.0,-4.484246959808999,-70.34585322432206,17.65490235475254
701.0,-27.175926632149192,9.400616809828163,12.040090660089868
702.0,9.925284285214817,-8.235808292074172,27.137378271634226
703.0,9.87295981897342,7.507077043235319,32.73240948318122
704.0,8.182624396539593,10.110113851813166,0.7638275398602395
705.0,9.409856572406436,9.28392738546615,6.758254175388184
706.0,-36.49254564725767,9.32885019304426,30.7792209938962
707.0,8.469592796933593,-49.078359576804885,8.878606163559185
708.0,8.364995759392816,-49.62938173936442,8.984068633539362
709.0,9.377872424681184,9.511888452776468,32.20982746411384
710.0,8.05431197060266,-51.907307176257014,1.9736493937278914
711.0,6.183393867746138,9.713659597713031,32.27263902576621
712.0,7.163884128788868,-56.55683044637867,35.38515332968669
713.0,9.70244854702242,-25.153350111670598,27.198198021531507
714.0,-14.270140902052828,9.664778408758268,31.546449974796253
715.0,6.169280024222926,-64.35332913081666,28.294329482542903
716.0,9.321550858698922,-31.682799629703496,14.577581954788526
717.0,10.060475780616226,-10.961714064409735,26.988502831414035
718.0,-0.6749516757164666,8.857103786200184,6.323675708490098
719.0,-0.661648295690171,8.935503108707106,11.938269775235428
720.0,-24.60514075194463,-49.24880028539137,29.378427246963355
721.0,9.611411827138191,-1.3823640403185917,21.090033814787827
722.0,8.846589095841484,-34.18040950356582,21.614172843921747
723.0,-38.08483405463528,-35.215820580202426,10.08540327630502
724.0,9.096955921413846,-55.4088266095275,28.590409011482375
725.0,3.1306379314678296,9.076953068427697,18.499641461206068
726.0,9.968247970302263,4.860426971276316,33.098880807827456
727.0,-43.313839436062466,-36.410193296137116,22.065235452347302
728.0,-8.61343835707221,-66.92348465545126,16.233738862495745
729.0,0.419352364714518,9.450778934030883,32.0439879303499
730.0,-71.05829346550088,-1.94794853116259,4.846637897862864
731.0,-66.74063249476389,-5.281046375047309,14.858177571799018
732.0,2.6714201060372944,-69.11667710203265,34.30426835035032
733.0,9.70320410819244,3.714381814424967,8.015596000920144
734.0,9.749903637851169,8.49328520927042,6.958798888684389
735.0,8.981765242039247,-52.28299879815339,14.569374412395879
736.0,-71.27222877546949,3.659897712908107,23.691736734545454
737.0,9.580667197831858,-0.9068392798880064,21.01440683037486
738.0,-14.153525825015171,-58.53975058762069,35.7806652955936
739.0,0.15415027413668705,-71.14238306185364,21.479837572822497
740.0,9.314223315617273,7.789079068144495,26.613318402821946
741.0,-47.03476975573096,8.793897135593399,17.270575146283818
742.0,9.465121780513932,-24.925824929357013,33.260907978609765
743.0,8.9799023737133,-42.93022640144489,20.728654215181614
744.0,7.827621638474559,-47.29958778839041,36.19614216993647
745.0,0.9956891549856295,-70.50401222350725,21.367088398066727
746.0,6.231087906772988,-61.976996778978176,15.356848708298173
747.0,-37.11383643330714,9.276341725017904,30.663035890914145
748.0,9.26747634301554,9.387804265827004,0.884964392030422
749.0,6.644272845295429,9.42996492397019,12.097363061602536
750.0,9.919361939008539,-2.597611039446326,27.40018928411777
751.0,10.142833555838937,-5.722493900303643,27.19536844704371
752.0,9.698154265487904,8.698663120249568,6.91605368743958
753.0,-32.09637114636486,9.208246404603237,17.3219446399093
754.0,-11.625469883517315,-65.0794917756223,27.518511827766837
755.0,9.398477014234075,9.287507145629217,6.753258832098909
756.0,5.328646735195818,-63.14436318696088,35.51042351113611
757.0,-21.746656546249547,10.012863229417075,24.390881953377367
758.0,9.82867260956491,-1.4692876563399917,8.246269034840655
759.0,-30.449563501264805,-41.384124654952615,17.530879911264172
760.0,9.640283554172253,-6.40919407725466,21.128103440426862
761.0,-44.883219640252115,-29.450531753250367,10.237248322883207
762.0,-70.67085351023137,-0.607766689993216,18.59217829944888
763.0,9.255296877790983,-37.97734833500086,0.47645306337580573
764.0,-38.8522236972124,9.090724804241473,30.538280870679493
765.0,9.639051385565555,-1.987060817661217,21.168945935242512
766.0,9.459695051687312,1.6546227760735837,20.874722941681075
767.0,-70.20422314164371,3.9649728904470813,11.668133140162634
768.0,1.3963515442375414,8.890684711737904,11.925580068084681
769.0,-5.872098333466614,-68.71391344552381,27.034243380187903
770.0,-57.3261029004187,-22.346048323327476,22.17617875863434
771.0,-50.808138738939014,-26.69599954361924,22.463263972211895
772.0,-1.970036760087313,-72.2599006040265,21.663169962216607
773.0,-71.96848021205341,-0.5379065847950099,22.52398932557424
774.0,9.915836328378118,-2.5976073777846445,27.399405569556638
775.0,-29.67601690061747,9.575263943916871,17.55383769077894
776.0,9.965100124721635,6.1632887592509595,32.96431332217147
777.0,-6.796681880490121,9.483311050155539,11.905241591094647
778.0,6.378875638476018,-64.14634814070581,2.7708149800105657
779.0,5.7892899247480605,-63.02487520009918,15.44961575946659
780.0,9.88731094009954,7.117647366516485,32.807450780841734
781.0,-68.49099948190302,-6.994968091211887,23.120764278043886
782.0,-10.429407917218308,9.93388374987241,12.055445094362236
783.0,-20.76432164096547,10.202527329974957,31.789637551082485
784.0,-63.14121223567899,10.150895647773932,11.698937237301996
785.0,-24.661783276177218,10.299842471630132,31.715129642806602
786.0,-51.888787570706135,-23.46765565069369,10.084168050976322
787.0,-52.562707163394045,-25.23455374430218,22.561429470445667
788.0,9.218370952607708,-29.618201818650665,14.30001752511015
789.0,-30.500104141009512,9.5493228158593,5.69042569694769
790.0,7.907949845321528,9.858311529500702,32.16924516755497
791.0,7.234246803243834,9.504441016255427,12.179719175582347
792.0,-22.90641972842278,-53.61487169721821,23.162275435311656
793.0,-17.056890312364185,-58.82259727629554,8.641281245484848
794.0,-29.34588637462161,-44.44234855741929,4.606693714929034
795.0,-64.33517166068339,-11.75409916229493,31.022837459503346
796.0,7.623730977036399,-58.051445743699844,20.93538569323106
797.0,-5.030827761985953,9.065956976169561,11.782777439104098
798.0,9.356428320773055,6.254098473473105,26.797664877437334
799.0,10.115245536316502,-10.644522651336873,7.263852955049206
800.0,1.3808941925680693,9.050672214299809,6.298234518643573
801.0,8.11964829348393,-50.34911962063668,1.9424929943724567
802.0,-11.809554904733213,-63.425865027345154,4.4374759605692
803.0,-70.53293212704875,-3.0633078616012552,4.674332265903736
804.0,3.926855040795081,-67.01105743181952,10.197059129174432
805.0,9.459836741522434,-25.858515597412584,33.222333657930214
806.0,9.180545629340433,-16.268156349989756,20.140812394274043
807.0,-37.86537409064887,-34.10888039884544,18.071421903872707
808.0,9.741664763156425,2.7436525765028623,33.00084517314082
809.0,9.301874257559271,-31.200349174826044,27.86722115694961
810.0,9.4373734945894,4.285623260684268,27.128258974417356
811.0,-5.902605053178954,9.422451713462294,18.32786658540337
812.0,9.545146314415275,-18.867969886306835,33.42328600127614
813.0,-22.283206001697682,9.860200828596057,17.881660704144664
814.0,-66.03592229397515,5.9036137476658075,5.707990087085869
815.0,-71.95739927000781,2.9888541678961347,23.577172427676224
816.0,-55.40914245332927,-22.456231562327254,30.871221844246783
817.0,9.72161533762853,3.914846296917479,7.980812181799362
818.0,-46.90544023725285,-31.11785028287607,22.544603976365394
819.0,9.737397256702389,5.908443151367746,0.9857983250742742
820.0,-13.146064064428819,9.866459437095958,5.600150920932324
821.0,-61.32047487436842,10.114610207325143,11.697210610133048
822.0,4.894201334820931,-66.75619021307902,28.204201164421182
823.0,-4.651888323299776,9.178929908669577,18.47036525788312
824.0,6.6663241922114675,-63.12198382431495,2.7001133110343623
825.0,9.717996865762785,1.5454514407376245,32.906714661870495
826.0,9.725085453649093,1.2972771406109014,32.894271755091516
827.0,9.474749192514668,9.544937179207478,12.925880008358874
828.0,9.402137939898525,-10.484741167140587,1.6879125355472204
829.0,-68.16976430332035,3.6424728083664855,5.62095353611697
830.0,-63.860512518483326,5.0381214548669675,28.826610256641725
831.0,9.97117475671237,6.00729013060004,32.98583428433697
832.0,9.224519399124778,8.544624011441234,26.443597878519732
833.0,9.57836770321445,8.571179991867687,0.9391796213920184
834.0,-2.898237967494516,-69.30897134905973,3.5421335749465603
835.0,-64.07607174400972,-7.728826677435216,10.925211708798876
836.0,-70.53367318998401,0.8047791116291583,5.500361015217738
837.0,-11.666419175404453,9.513515676323728,31.57143508785843
838.0,9.679224467521852,-2.034426682498911,14.720383117967163
839.0,5.8673728317540315,-65.47883901195453,2.874963614521574
840.0,9.871663104571187,7.158902883204549,7.233321692811862
841.0,8.38926257213254,-33.89684297421553,34.12391524078938
842.0,9.14280338542653,-33.3251273966395,28.118783661200098
843.0,-21.76379084214519,9.87488396360215,17.881839420540842
844.0,-22.465605941153395,10.056843546550791,5.702784965497802
845.0,-22.6568909460535,10.30812920260049,31.834287089354028
846.0,1.1782399932236813,-70.94348946844306,16.911644390236564
847.0,-4.907121797337872,9.059142965212676,11.785817549332567
848.0,-32.06143718461917,9.295408191194046,31.384201774785584
849.0,9.625775985456324,9.396588882275777,13.016807594807444
850.0,-23.16848936179329,-52.20758502845712,8.238343005270181
851.0,7.692739254826469,9.512105737280942,25.82863102949311
852.0,-20.553364391628335,-55.1005066299944,15.791265201905146
853.0,-13.9526011803186,9.86162967978785,5.57851721472225
854.0,-1.1508437143767658,-69.46038493252708,11.772826947917268
855.0,9.881427630727938,7.986740176838916,13.363519885373918
856.0,9.978889764636,-5.707322262050121,7.703918677022774
857.0,9.302807976649541,8.120021621954109,26.554974554394033
858.0,-10.212453419092439,9.834976516379996,5.927277523792341
859.0,9.908912200460463,6.69962304619336,32.883210105294886
860.0,-70.41229337542454,1.6549746237241054,28.84791066248078
861.0,-47.93389246673187,8.702240114622814,17.338518002389716
862.0,9.272597241575431,8.330893528837635,26.504604251158064
863.0,6.857511914891199,9.447931266664376,12.1216980704988
864.0,-26.82464090426397,9.664270544638232,23.809515435162012
865.0,-71.8932167707784,3.0863468912874863,23.601664420781297
866.0,9.670843575461316,-2.917749869112472,21.269576029278017
867.0,9.32567128698477,7.873587385078036,26.603081358816887
868.0,-69.0290830015155,-4.624340740758692,29.899847715512298
869.0,2.191030535671097,-69.4857451710339,34.20850243178708
870.0,9.58699317190551,-0.42669924639090956,14.664168579541636
871.0,9.453686085949712,3.8339614258111654,27.22004231135193
872.0,6.592505852845747,-63.415583024306564,2.7195800440337057
873.0,-3.8703504899341574,-68.36999589379695,12.322683906018542
874.0,9.748954728893263,4.875947938008514,1.0342141576252792
875.0,-23.144358993936734,-52.25532376982492,8.229029268291178
876.0,1.1675041022201513,9.421437644555546,32.115793155532614
877.0,-20.158399349652946,-55.698951593437016,15.76965904962713
878.0,-2.5829997987481317,9.53114684389667,25.482320253991453
879.0,10.009457465800478,-9.161627449239287,20.689449142325287
880.0,-2.661729376151493,8.950337789585262,18.549645964041776
881.0,-17.36397673582459,10.042271499972903,24.512543547949623
882.0,9.85130587062639,-1.6983438562100894,8.227768989930025
883.0,-30.696725920662264,9.320024198521876,31.336325107896656
884.0,9.784950275129502,-35.49091199452579,8.386287321674375
885.0,-68.41332017170095,-2.836837405410424,15.929044597428732
886.0,8.936414470658613,-35.293258679253945,28.30745709629313
887.0,9.385037387283933,-15.300207568210816,13.38320305090801
888.0,9.20195777412831,-21.047850243015926,13.57993565070396
889.0,-18.608443085582866,-60.57427391848784,22.161999777037064
890.0,2.9032113811650606,8.995922590430505,11.834335859213764
891.0,-70.12459519629746,-1.9149347990317982,17.75785226614049
892.0,9.700445079455076,-36.90822695586852,8.381448740557001
893.0,2.6549584937198265,9.01069440989738,25.296362624619395
894.0,-70.78251182031691,-2.714415518732685,10.91000929322837
895.0,9.785789080108279,-10.670289056060774,14.13713627155917
896.0,-1.822389673670179,9.528371918864183,25.494370051844523
897.0,-25.770092397450274,9.938461784909178,5.766569809857922
898.0,5.467654946607501,10.193056773436798,0.8379866652390444
899.0,3.346006694588643,-69.27761505347934,27.983049819001657
900.0,-68.92996597103172,6.1099191161572035,11.749174310267724
